epoch,loss
0,0.11469816939687293
1,0.07599944024905718
2,0.06690094360413774